Bola1,Bola2,Bola3,Bola4,Bola5,Bola6,Bola7
71,51,63,57,24,80,31
77,18,31,25,20,63,50
36,43,9,74,72,29,21
66,71,15,38,70,68,54
15,58,24,20,23,54,51
55,60,8,17,80,1,59
42,15,77,37,18,55,29
75,48,76,50,71,61,74
5,56,69,37,78,24,58
23,74,37,14,1,53,59
37,75,3,12,71,11,50
15,2,73,13,24,56,39
75,37,6,79,73,28,32
68,15,19,51,60,57,32
3,58,20,21,9,25,64
57,5,52,59,38,55,42
10,50,23,12,30,20,53
33,54,63,26,15,9,70
44,60,49,26,75,55,38
19,39,64,73,37,53,28
15,59,80,75,1,46,65
7,52,78,21,4,55,60
17,12,20,62,16,23,60
62,78,72,80,59,61,4
47,4,49,23,51,75,44
48,22,54,7,74,70,14
8,20,55,31,54,4,48
78,26,15,66,55,24,72
49,8,34,4,25,68,52
9,69,19,44,33,20,1
70,1,63,12,46,52,74
54,19,2,23,25,45,41
62,78,35,30,79,29,13
28,57,48,29,56,60,34
77,20,16,50,25,70,75
10,42,54,72,20,58,59
51,55,12,19,37,6,8
21,69,71,30,35,8,49
61,13,31,28,80,52,41
64,76,36,45,54,35,9
79,25,63,37,75,42,19
19,41,8,78,50,71,47
23,42,10,66,60,52,73
20,66,76,27,21,64,30
28,55,20,71,34,26,76
60,69,8,57,16,36,75
79,25,29,46,64,27,73
59,65,16,52,33,20,80
38,20,12,36,27,17,69
5,24,20,23,77,72,56
30,28,67,27,15,43,52
71,55,42,38,53,29,1
66,71,1,13,60,16,44
38,40,8,20,18,71,48
77,26,43,69,60,37,14
76,14,45,18,44,61,60
56,23,41,31,61,67,12
30,9,47,38,4,32,71
27,9,30,2,72,61,38
55,53,39,69,24,23,54
14,70,4,50,41,64,42
59,16,80,69,19,70,33
13,17,45,62,56,29,48
77,64,44,51,71,56,40
11,28,72,79,59,36,14
16,4,17,24,71,31,59
70,13,20,32,74,79,21
80,52,4,41,24,13,49
78,5,55,10,71,8,38
6,45,8,19,46,73,18
28,52,27,3,78,9,8
1,21,55,6,26,40,36
39,7,3,75,57,42,48
51,25,60,40,20,3,31
50,59,52,12,6,22,72
51,25,64,46,34,52,76
23,19,20,44,49,64,57
38,56,22,44,48,39,52
8,80,37,46,52,39,2
43,15,8,48,44,42,20
66,12,7,80,15,6,68
30,46,42,43,57,64,63
62,28,25,52,11,78,48
4,7,10,73,34,3,27
50,67,9,21,17,36,64
71,80,41,23,19,32,55
55,21,11,37,72,34,25
60,9,75,19,65,40,18
41,4,8,62,72,73,10
73,65,68,71,76,44,69
17,5,76,12,25,57,52
62,9,40,39,1,4,56
46,60,47,8,17,4,30
52,46,34,12,56,79,7
67,34,74,73,30,36,13
9,4,51,20,32,80,36
60,4,45,40,15,66,38
35,28,41,71,40,5,50
12,52,63,60,28,66,5
38,36,74,58,72,70,14
1,76,80,46,63,59,60
28,49,34,77,45,26,48
21,3,80,16,42,71,7
4,66,62,69,58,61,80
10,2,51,75,52,3,17
19,11,18,17,59,73,75
58,13,38,46,6,9,80
34,38,26,5,79,78,20
12,51,10,68,8,15,66
42,41,63,3,14,59,24
2,1,67,69,13,31,8
50,70,39,60,5,67,7
39,17,75,24,4,69,77
17,68,60,79,44,77,18
35,72,20,55,49,3,54
12,62,65,34,4,24,54
51,76,40,79,61,10,33
60,30,68,59,66,29,42
72,11,56,44,19,28,41
14,1,73,44,7,46,51
67,31,47,8,35,43,76
64,67,52,70,48,49,69
54,60,3,17,61,37,56
46,16,43,70,1,71,20
25,72,5,19,41,56,69
37,17,64,23,72,30,16
48,79,1,78,19,9,35
70,27,20,78,38,8,16
10,69,8,22,28,55,70
45,76,30,68,12,51,57
41,11,4,42,40,39,24
26,66,36,19,71,39,78
62,14,26,4,20,52,66
49,2,4,78,51,60,75
23,49,62,8,9,55,58
13,11,52,22,41,3,36
15,32,50,70,58,71,26
60,18,17,33,71,40,34
61,11,27,35,31,44,1
27,47,26,74,25,66,36
26,63,55,47,62,72,21
55,65,76,79,40,61,80
61,4,5,60,26,62,1
12,32,61,31,75,80,70
67,35,2,55,74,75,65
27,79,46,56,15,43,53
49,61,78,70,69,12,76
70,30,27,39,49,73,78
13,29,61,63,62,15,46
8,63,61,10,17,40,79
1,79,65,41,62,47,45
20,8,2,65,16,27,51
3,46,15,10,80,57,20
14,22,1,6,36,19,52
28,23,55,48,71,21,67
77,50,49,70,27,69,19
26,67,29,54,78,63,73
35,30,9,26,28,19,53
12,76,29,56,70,2,28
71,34,35,45,55,16,7
55,70,56,47,80,59,52
50,10,23,47,44,34,72
23,62,27,80,22,77,51
31,36,10,63,33,7,49
39,31,67,45,13,62,80
4,75,51,72,48,71,53
59,29,40,24,8,10,30
79,74,47,31,4,20,15
66,23,39,63,24,51,12
20,55,64,27,56,11,51
9,71,55,64,26,23,35
57,26,47,74,12,32,13
70,34,10,68,6,74,59
35,48,1,4,14,24,3
66,13,30,59,5,32,67
66,25,80,40,34,50,52
25,34,30,62,59,80,12
27,39,80,71,50,11,72
1,38,51,68,63,60,69
56,36,16,73,35,32,74
15,6,63,33,80,32,54
37,3,30,61,51,2,57
39,36,51,71,24,32,16
55,25,36,59,62,48,74
41,62,59,26,7,45,50
30,55,13,29,31,75,34
76,80,30,7,11,61,77
78,79,29,27,77,73,28
53,20,17,31,12,27,35
70,65,23,71,73,68,4
42,34,41,24,27,79,33
71,67,27,14,28,38,7
14,13,45,68,75,27,31
63,33,24,8,72,45,61
62,53,8,40,21,52,13
70,24,11,67,78,5,41
4,11,16,24,55,66,79
69,37,8,30,45,54,64
46,16,17,57,56,60,47
75,79,27,36,31,9,23
30,50,27,78,37,3,40
67,60,76,65,41,73,25
77,61,8,67,73,65,19
21,36,25,78,44,67,45
21,66,35,29,33,41,18
71,2,36,77,30,66,11
59,19,57,55,67,39,61
12,11,15,7,4,70,13
10,47,73,77,33,67,54
61,38,60,51,17,52,26
39,26,5,32,23,56,36
13,35,49,51,43,19,22
35,14,6,52,23,28,12
17,12,66,56,70,6,71
1,50,78,48,4,42,17
55,65,9,41,4,15,57
31,57,48,21,4,13,72
2,74,20,28,48,32,60
54,65,42,19,35,60,45
5,28,65,32,23,9,25
34,79,44,74,38,59,6
3,2,61,56,7,11,65
55,18,72,56,59,10,5
16,14,74,21,20,28,17
45,37,61,2,26,47,30
39,29,19,16,45,67,71
27,62,3,75,44,63,34
34,76,39,59,13,25,55
26,47,10,51,24,11,36
69,25,4,19,54,35,63
41,55,18,17,62,50,30
63,28,21,64,60,65,75
16,41,68,78,11,56,32
8,22,35,62,30,23,2
72,36,48,43,66,60,11
21,39,6,69,29,35,62
10,40,11,78,29,47,34
30,25,70,28,26,76,63
37,43,58,74,15,8,5
23,41,19,54,51,29,63
55,25,30,18,16,10,4
41,6,46,73,54,48,23
47,15,77,49,40,52,1
73,10,53,50,76,32,70
39,69,79,25,41,77,34
51,2,35,75,63,13,55
39,61,13,11,66,62,34
80,43,23,72,16,51,14
31,61,9,27,16,72,22
78,37,22,20,60,49,14
59,80,39,75,65,1,16
35,16,1,65,33,13,43
67,73,48,39,41,17,35
66,19,45,50,31,71,28
75,14,26,10,3,31,51
13,73,67,57,31,44,46
47,41,80,61,48,13,58
29,60,55,56,19,25,74
54,75,13,47,30,15,73
62,2,36,42,29,3,14
32,74,1,21,4,24,49
50,2,24,58,80,61,72
13,3,16,61,25,71,38
58,7,26,6,79,67,78
15,78,56,37,36,34,44
41,13,66,46,52,19,35
61,32,71,16,5,15,59
39,52,18,1,70,27,7
73,59,79,68,56,65,40
15,51,40,50,41,54,5
67,77,47,74,56,50,26
14,40,6,4,78,10,18
66,58,60,52,70,48,11
36,9,60,26,78,34,5
75,24,18,8,57,58,41
31,52,57,33,59,71,60
47,7,22,60,3,67,23
8,16,7,54,72,60,18
75,6,49,74,34,18,65
11,72,35,61,7,9,74
5,80,23,40,48,22,46
40,79,26,7,72,17,23
66,40,11,69,36,28,18
7,37,9,50,47,63,73
71,25,8,11,67,47,26
61,38,6,39,27,40,30
1,22,18,26,55,50,36
33,32,52,56,3,54,75
58,21,47,37,45,4,64
57,38,58,52,28,21,19
57,21,39,47,22,64,10
6,23,59,71,58,57,11
46,34,33,69,21,51,18
39,13,54,40,23,16,42
16,26,48,10,31,13,11
35,60,13,80,15,10,5
42,31,20,17,34,15,37
12,19,11,21,75,26,7
72,4,3,68,71,12,30
71,28,21,69,48,59,6
27,57,65,41,71,26,13
74,32,6,3,17,5,35
80,50,24,55,10,48,52
2,59,27,68,80,42,58
49,35,41,75,24,31,32
40,70,73,53,51,63,32
13,65,5,61,49,72,80
61,8,17,2,70,47,7
9,2,33,16,38,67,24
70,20,9,66,32,65,19
3,56,21,33,69,29,12
17,45,64,11,5,12,43
42,33,52,73,19,71,58
48,30,10,32,44,54,35
52,4,6,63,60,58,51
32,25,33,27,44,75,14
72,60,21,40,70,6,65
9,43,3,66,27,80,33
31,60,22,18,70,55,21
54,10,39,55,35,69,43
16,76,24,60,66,71,46
66,19,46,50,3,65,34
6,41,31,34,25,24,46
74,12,47,55,25,28,39
70,68,3,2,31,57,67
16,23,5,45,60,56,20
13,64,9,59,63,12,35
29,25,65,73,69,38,55
73,67,61,71,63,79,21
42,30,25,79,32,4,35
11,5,57,71,16,47,41
30,6,63,7,45,34,10
25,5,16,60,64,65,45
45,18,76,80,66,2,48
26,32,36,20,33,58,76
79,75,5,40,7,45,25
41,71,24,37,40,54,57
66,54,68,79,48,18,4
41,49,7,33,50,45,20
57,19,73,26,75,63,5
60,71,33,31,27,43,12
31,57,12,13,40,47,18
46,80,14,6,3,57,47
63,8,30,22,42,39,45
22,76,40,54,25,32,4
13,22,38,76,12,33,72
79,22,21,33,45,7,2
45,11,18,42,77,55,57
29,21,45,80,58,54,72
43,39,6,68,14,13,70
54,61,4,52,1,59,18
47,70,59,6,19,52,1
38,25,66,44,65,74,6
79,8,80,22,63,57,37
57,16,33,24,72,10,73
70,62,25,13,4,28,6
2,36,16,39,18,53,66
64,11,80,21,23,46,73
78,17,65,14,64,1,28
10,69,31,33,42,4,21
24,50,16,29,79,77,75
33,38,64,61,55,6,37
37,70,7,49,63,66,44
8,78,60,62,47,1,19
61,20,73,33,58,49,9
75,12,11,52,13,65,51
53,66,68,20,4,3,63
18,32,58,59,2,17,71
8,2,24,4,50,33,65
49,78,52,11,48,12,63
11,44,55,20,57,43,37
53,62,15,25,80,76,77
47,53,48,22,66,80,15
20,71,26,25,32,23,47
12,19,29,15,65,51,9
52,74,11,16,53,23,20
56,11,69,79,43,4,39
73,16,44,57,49,10,8
62,31,4,73,20,60,11
38,51,35,39,16,41,24
25,24,7,54,20,48,21
17,7,10,61,4,35,22
56,30,41,59,79,35,52
42,63,24,7,28,65,8
9,23,64,34,24,44,7
67,72,35,3,32,52,79
63,66,76,29,6,48,8
58,6,70,54,63,27,61
43,41,36,23,1,42,34
22,21,44,67,32,45,46
53,48,80,78,54,7,37
75,20,58,55,64,2,65
31,51,59,10,70,39,33
59,74,20,34,17,72,45
20,49,58,40,47,30,36
23,3,28,49,48,31,63
34,20,1,45,71,72,57
47,57,73,16,74,80,65
14,19,42,1,24,29,20
65,80,68,45,42,11,69
65,41,16,32,77,24,19
55,38,53,40,77,79,73
67,14,8,46,64,32,51
50,32,7,26,62,21,16
12,28,22,13,53,66,78
70,32,30,33,55,4,65
51,6,63,77,47,75,73
75,46,15,27,9,31,63
75,5,73,34,56,64,41
6,33,18,32,10,37,58
54,2,15,79,49,21,67
23,39,10,44,70,62,29
76,64,66,31,61,33,67
20,40,44,79,36,13,60
12,45,55,35,54,1,41
49,16,56,69,2,38,27
43,22,41,16,44,36,28
39,31,60,44,6,25,32
44,16,2,70,3,24,5
37,23,67,56,66,45,32
17,12,65,79,40,1,42
4,52,6,39,8,31,43
77,4,45,35,72,71,46
16,70,13,29,78,44,80
6,19,54,68,24,7,2
43,45,28,75,20,6,32
13,16,74,63,67,31,45
,,,,,,
48,74,25,39,6,14,13
40,61,6,47,38,75,5
79,54,11,21,32,28,78
28,2,44,46,48,72,1
64,70,21,28,31,58,11
79,36,1,43,72,4,17
27,21,47,10,25,60,80
22,53,36,58,57,34,15
23,16,9,6,24,10,1
,,,,,,
37,30,78,60,45,15,57
42,20,74,29,52,17,36
69,36,1,6,62,70,46
56,39,58,72,27,54,12
,,,,,,
23,13,38,60,19,63,20
53,1,39,43,15,50,66
79,71,73,13,8,51,53
3,79,35,46,11,56,72
46,9,64,76,17,38,28
57,77,43,29,35,15,65
51,49,23,10,29,70,25
80,63,32,21,16,42,1
10,69,53,38,64,36,24
76,27,9,15,24,6,44
44,20,78,22,48,29,36
37,67,38,79,74,40,70
57,32,46,1,66,5,79
58,68,69,10,42,61,2
70,21,60,18,23,78,76
43,17,11,73,72,24,36
25,46,40,68,2,9,72
66,12,77,64,31,30,25
41,10,44,8,2,50,14
18,39,46,29,52,60,9
4,24,11,67,3,22,76
57,39,28,12,11,70,71
48,66,68,5,55,63,4
76,16,37,2,12,60,45
62,23,71,12,79,39,47
66,50,11,31,64,43,72
40,42,1,34,19,53,80
79,14,56,11,33,24,16
59,36,18,49,25,65,77
75,22,64,48,38,37,56
66,56,43,71,18,20,65
63,18,12,7,20,11,28
32,73,65,55,63,70,71
38,25,63,48,62,5,57
76,36,63,64,28,65,68
29,73,45,58,13,43,48
71,14,55,68,41,28,12
69,11,27,47,63,43,38
29,65,26,44,31,80,72
68,10,35,12,38,60,28
25,78,6,76,3,37,26
16,55,35,80,21,15,33
26,31,12,55,71,79,36
47,28,71,4,39,29,33
19,48,28,24,4,5,30
27,51,56,42,39,61,77
55,57,42,48,5,78,52
36,37,34,15,57,60,30
69,77,2,49,4,66,7
77,13,28,79,17,46,45
80,13,48,55,4,60,62
2,57,20,30,21,76,65
1,51,77,42,16,46,60
56,6,22,74,40,33,49
19,50,61,6,62,3,46
20,44,75,70,34,69,43
20,49,79,31,42,6,34
17,56,53,80,37,35,48
66,42,67,11,13,50,28
57,9,65,11,44,78,75
49,33,28,61,12,30,16
33,14,38,70,66,79,57
1,2,33,38,47,23,51
33,74,41,79,44,34,65
40,55,7,8,75,39,76
14,21,42,50,39,41,48
61,8,65,21,28,32,58
35,80,28,33,47,25,51
45,23,28,72,6,29,53
7,69,52,44,80,10,79
43,79,63,13,66,3,31
59,4,63,11,7,19,39
41,35,26,43,69,5,8
29,73,41,44,26,71,68
78,9,70,21,26,17,79
58,80,30,21,59,1,71
8,32,42,57,22,36,15
1,56,75,47,44,13,59
48,77,52,57,73,76,61
80,27,67,31,59,25,32
48,20,17,10,6,42,53
50,65,23,39,61,72,59
78,36,56,67,24,72,4
38,58,26,12,80,15,77
66,42,37,61,8,45,13
80,18,11,47,63,1,17
12,80,35,13,46,20,70
42,50,67,44,77,26,31
22,53,78,36,50,60,40
58,45,33,21,70,10,49
61,54,66,50,72,23,74
70,42,19,32,30,63,18
36,10,56,4,35,54,55
61,32,4,27,1,70,22
75,59,47,7,15,20,34
28,33,61,77,2,65,47
66,28,79,53,44,17,35
42,32,56,35,7,75,57
5,64,33,14,49,73,41
10,67,6,62,54,72,66
73,77,76,10,67,60,45
46,4,19,63,2,57,36
5,34,8,39,20,47,37
23,48,33,46,7,26,75
31,39,49,70,28,66,17
72,31,17,49,15,44,39
45,62,21,71,33,75,20
56,59,69,18,75,4,29
35,22,42,75,21,1,66
42,80,46,26,59,63,45
19,73,45,63,2,27,40
49,17,66,62,4,22,44
79,23,29,33,65,31,74
53,79,67,66,49,74,28
35,77,72,39,68,14,43
65,10,30,25,21,57,55
37,40,8,72,65,22,60
45,65,67,31,72,68,27
19,10,51,9,60,32,13
75,39,23,56,15,76,45
31,58,10,53,27,57,28
7,49,29,31,76,74,23
36,8,50,69,70,14,12
2,62,40,19,18,10,69
31,15,46,26,18,73,24
40,29,8,49,23,20,7
40,1,25,57,39,5,77
22,25,75,68,6,66,45
52,1,47,66,74,13,64
8,21,80,69,61,63,36
7,54,43,18,53,10,37
33,17,74,23,28,5,22
25,12,2,42,76,37,49
59,65,43,12,33,52,61
14,47,21,40,43,22,6
71,69,68,13,14,20,43
21,61,54,10,62,80,72
36,5,23,6,12,33,63
42,30,3,69,54,7,26
66,60,39,4,42,8,2
64,24,57,58,5,25,56
21,50,57,77,70,58,28
35,18,11,29,49,48,32
75,54,23,4,71,5,31
70,28,36,57,54,50,56
78,11,51,54,52,80,33
30,80,50,61,19,21,26
52,36,34,39,63,73,80
35,3,75,50,69,32,43
16,76,20,22,21,78,77
48,11,19,21,23,66,38
42,76,55,30,67,7,34
52,1,58,34,69,25,64
74,46,23,1,10,45,68
1,54,41,3,10,51,52
14,19,55,20,76,79,28
39,13,32,40,46,54,65
46,12,29,71,1,20,2
50,2,47,39,13,25,68
57,13,42,44,27,19,29
18,62,55,77,15,67,56
4,16,69,74,60,14,25
3,37,59,78,57,46,63
29,35,2,58,68,52,74
33,71,78,42,72,62,49
66,70,16,69,47,39,43
24,40,20,6,57,14,33
72,75,74,40,71,25,53
12,4,31,73,2,60,5
53,67,64,18,71,37,34
44,60,77,38,39,29,13
10,60,71,28,29,70,7
1,68,51,18,54,29,5
40,2,51,67,34,53,56
67,50,78,77,43,35,20
62,10,15,51,52,53,25
63,12,19,23,47,18,20
71,23,54,31,11,33,25
42,30,6,70,15,34,66
7,47,30,71,72,35,77
48,44,72,57,63,29,15
27,50,6,55,66,51,52
76,74,77,68,78,42,62
45,27,60,3,73,76,35
67,3,43,56,73,50,32
56,7,50,29,14,12,44
43,32,4,66,75,50,74
9,67,43,58,39,16,69
31,52,55,70,57,40,67
49,35,26,62,12,50,15
65,35,14,21,34,60,19
39,40,38,35,17,18,14
37,77,1,17,30,69,43
22,26,71,14,38,30,69
72,71,36,7,55,68,13
21,73,75,55,16,12,48
72,13,76,26,43,21,19
3,4,69,29,23,14,17
69,19,15,74,44,37,20
26,66,37,3,31,11,52
8,33,15,80,21,38,51
8,30,64,61,41,7,23
20,2,43,38,70,64,66
61,7,42,26,72,35,14
21,2,32,24,14,8,40
63,78,5,55,25,50,39
57,48,67,34,55,30,69
58,71,6,69,46,77,56
39,29,57,47,35,77,2
14,40,62,20,75,80,23
4,75,49,57,62,58,41
65,9,30,24,49,2,25
28,5,26,21,58,34,55
48,14,12,60,13,69,41
78,53,48,23,40,62,65
74,2,5,69,45,21,61
13,25,11,14,2,64,40
58,40,19,25,65,20,64
39,21,6,34,54,63,45
59,43,8,35,72,47,13
36,46,21,23,59,38,29
67,47,12,70,29,7,58
5,44,60,27,7,58,77
57,17,25,14,35,33,13
36,26,27,4,42,74,70
42,68,74,37,57,32,80
1,12,18,77,14,16,23
66,60,8,51,15,25,69
34,60,27,32,41,28,11
16,64,57,32,69,9,15
43,5,11,55,50,60,61
37,71,10,61,42,52,26
38,57,27,75,48,36,11
22,39,71,3,33,25,30
48,25,76,63,61,56,22
26,8,30,79,18,62,43
21,42,1,4,41,16,64
56,59,40,61,33,50,58
7,77,66,44,45,2,18
5,79,68,67,4,2,44
7,42,11,28,79,21,57
75,19,5,33,46,42,69
68,77,1,32,12,41,64
24,77,66,74,43,34,5
15,4,3,67,72,23,33
20,58,29,4,35,11,24
7,8,50,55,58,56,6
26,74,37,33,38,64,46
43,26,2,76,79,68,30
78,4,52,8,66,35,3
48,73,79,68,64,38,17
27,35,13,19,55,66,64
40,34,51,17,24,7,59
61,15,64,62,70,4,57
20,69,36,15,53,3,26
30,21,78,47,38,41,10
23,54,30,22,65,57,75
18,45,6,34,16,27,47
54,32,42,78,33,23,47
23,25,20,73,60,52,77
44,75,36,56,1,6,61
52,44,40,25,62,46,60
54,27,10,34,59,40,39
37,65,7,72,31,3,70
32,37,42,34,29,47,46
48,30,41,44,57,38,73
24,64,58,60,80,75,47
31,9,10,27,77,79,4
48,72,19,38,26,65,28
65,45,7,11,80,69,12
3,33,34,39,65,27,45
56,41,55,50,79,2,62
80,24,27,20,52,60,39
57,71,34,11,72,31,64
26,41,53,39,47,45,64
66,10,62,20,25,44,16
50,74,20,13,46,16,56
10,59,71,17,14,67,35
18,46,3,47,30,70,41
67,57,73,63,21,22,44
53,36,22,8,6,32,68
33,16,10,72,9,71,34
79,6,10,20,31,57,32
55,50,53,39,31,73,22
23,30,62,35,74,16,31
77,3,68,10,66,9,70
51,12,60,80,70,2,34
53,61,50,47,39,60,20
20,2,78,29,62,43,45
69,42,74,16,54,19,10
74,63,7,69,39,21,40
65,7,54,71,78,64,59
13,59,43,56,36,11,77
12,73,4,70,51,64,16
4,74,24,64,73,37,69
58,41,36,27,54,72,73
10,28,7,62,3,60,78
56,57,61,67,76,48,8
40,19,9,50,45,15,17
61,73,34,80,44,5,37
30,54,73,63,49,36,44
63,74,11,61,37,15,32
11,35,61,2,33,9,69
36,30,61,4,56,48,17
51,64,3,53,23,70,43
76,58,40,19,34,30,48
15,38,44,60,65,48,45
75,12,3,52,6,66,74
60,73,9,2,40,58,37
67,33,31,8,26,79,50
7,70,23,67,10,44,12
12,42,26,58,66,68,6
48,64,75,2,40,46,53
37,30,41,19,75,5,8
71,21,69,52,1,66,64
6,66,61,18,47,45,64
56,43,76,59,14,54,71
24,31,46,19,72,16,60
64,27,6,3,31,74,50
7,75,40,66,6,12,33
21,8,10,57,61,30,50
36,61,5,42,17,69,77
8,11,35,39,78,60,5
37,28,13,75,6,16,62
59,51,44,31,74,57,66
46,44,16,49,55,27,67
61,39,80,59,47,21,27
70,80,61,1,5,27,13
63,20,59,29,56,4,74
17,24,33,67,6,73,72
51,58,77,48,39,65,37
72,42,63,77,46,78,8
70,15,49,68,78,74,37
42,62,61,45,18,15,39
6,48,33,31,78,21,64
44,74,18,78,27,21,68
67,36,3,55,14,44,46
8,23,58,69,3,41,68
6,25,42,78,22,33,68
40,67,9,54,73,44,25
39,76,42,1,27,75,49
10,22,13,35,60,56,39
56,63,34,32,60,37,46
8,10,41,22,61,3,36
51,52,5,6,18,27,79
58,74,19,31,79,20,23
38,80,53,26,29,14,24
51,40,7,31,1,14,50
53,76,37,21,12,13,45
4,27,31,50,8,12,2
58,44,3,36,64,59,10
67,9,37,33,2,14,78
80,36,27,62,25,12,69
25,31,71,7,65,76,42
56,16,52,13,17,22,31
53,23,64,75,61,25,6
63,58,69,34,61,71,6
3,17,79,78,72,69,9
63,76,60,77,1,65,24
24,18,51,45,27,6,64
39,58,62,61,76,7,77
14,47,20,34,32,7,28
3,62,13,25,18,77,52
11,14,22,1,38,6,49
62,51,39,31,21,57,13
79,67,56,17,20,59,74
19,21,12,20,67,60,30
9,45,68,37,73,12,65
61,17,69,37,8,20,7
8,71,47,80,66,74,28
18,23,62,3,27,59,80
44,50,18,43,65,58,47
24,79,54,52,36,74,2
51,49,76,28,8,75,58
35,1,3,13,8,57,26
58,79,49,68,37,44,38
62,56,69,63,67,25,2
26,61,40,15,23,2,67
20,72,80,60,48,34,65
57,62,67,73,78,19,32
68,46,72,67,17,70,4
13,63,31,12,80,11,32
64,58,6,79,20,31,47
22,23,31,28,29,53,25
6,20,67,10,33,36,63
12,54,52,10,37,11,6
61,57,55,21,14,37,2
78,24,53,70,37,28,25
41,1,19,72,47,65,56
1,76,25,43,19,63,29
25,39,3,38,11,50,71
37,29,30,39,49,77,19
54,55,28,18,61,72,14
23,79,7,18,29,10,68
25,14,67,74,23,41,10
4,28,57,13,54,50,64
35,66,34,4,46,73,52
35,32,34,15,46,37,64
36,21,65,67,23,22,31
70,38,58,23,50,1,77
43,12,57,72,19,49,60
74,71,3,13,35,11,50
3,36,6,80,52,4,39
60,41,66,77,52,21,18
78,14,69,49,26,22,42
53,21,11,13,32,74,12
70,27,33,79,46,78,77
15,54,71,34,27,28,69
29,27,33,34,49,65,1
68,60,38,65,25,63,44
60,8,46,9,12,68,63
51,5,77,29,43,25,12
51,45,8,18,14,79,34
69,66,24,61,2,63,75
78,73,56,1,43,7,33
24,67,55,30,68,10,29
27,12,57,21,50,9,58
64,36,32,15,44,73,79
70,25,77,79,13,53,27
52,5,61,59,1,27,23
38,33,25,77,73,40,17
58,43,17,10,3,38,25
79,28,34,54,66,25,61
40,35,61,2,5,55,30
24,14,13,63,65,54,29
12,14,23,61,20,11,48
17,75,59,3,5,32,46
34,1,26,65,2,74,5
14,74,5,30,47,28,7
8,3,34,55,41,67,21
8,75,28,36,31,80,13
1,38,41,53,28,77,36
8,58,3,21,44,14,2
41,60,43,59,32,16,24
34,10,11,66,21,78,38
72,37,69,3,59,56,36
54,44,79,72,59,12,69
19,59,52,44,16,80,69
51,13,29,41,47,25,45
58,50,68,80,6,51,31
15,61,31,72,20,36,65
80,8,17,58,26,72,42
60,32,52,51,69,26,68
71,35,74,28,32,72,73
68,73,75,58,64,46,40
59,42,20,70,2,65,56
14,16,30,3,39,1,11
14,43,45,52,67,47,17
16,14,51,77,78,15,40
77,47,26,30,71,60,46
70,68,33,76,32,73,12
38,22,60,9,14,4,7
2,51,42,75,43,77,45
3,79,23,20,10,73,24
5,51,44,79,62,23,64
79,57,35,62,33,10,69
29,55,67,37,21,59,34
13,33,22,49,79,21,31
28,67,2,3,63,55,15
14,52,2,65,23,33,55
15,77,72,38,7,80,33
46,58,17,21,30,9,25
6,25,45,28,36,66,26
9,71,56,21,22,45,61
61,50,2,63,21,34,79
19,32,30,64,44,67,61
25,79,34,42,22,17,65
45,13,56,77,72,73,35
80,44,1,28,5,25,54
42,66,28,57,52,50,15
73,6,12,58,19,69,64
74,39,60,11,77,29,4
56,24,15,70,22,59,62
65,50,6,7,55,41,51
68,22,67,25,73,30,14
69,66,3,75,21,78,73
46,20,55,70,37,28,75
39,52,67,22,58,75,49
63,30,5,80,56,12,57
51,19,34,5,37,47,15
68,71,30,69,54,7,66
3,2,27,68,74,18,51
25,50,70,72,31,45,10
12,38,75,63,19,49,6
13,2,34,78,55,77,16
62,72,73,2,44,46,29
28,69,67,71,80,76,79
1,49,63,50,72,45,6
26,55,15,24,60,19,11
57,14,29,20,41,23,67
28,56,15,17,43,68,69
56,5,9,35,69,24,51
57,6,70,43,13,30,79
54,49,22,34,2,62,63
7,11,52,40,39,77,12
69,56,30,76,78,20,12
29,27,16,6,44,28,30
60,2,11,78,12,50,28
8,3,18,7,56,6,36
26,42,77,49,30,51,63
28,15,40,12,69,7,75
23,63,57,51,47,8,6
4,52,38,69,53,27,72
21,4,27,47,80,35,14
47,19,48,68,23,18,69
69,66,37,5,33,12,64
55,35,64,45,48,19,26
36,21,19,12,3,76,48
9,17,15,69,78,43,72
16,53,4,41,36,27,23
12,1,76,53,29,47,62
23,62,47,50,63,20,32
74,16,10,48,73,1,65
56,70,35,60,7,31,46
68,35,17,42,61,41,75
29,21,7,3,59,39,6
13,42,66,18,62,8,56
71,24,74,48,73,37,63
21,30,28,55,8,38,5
67,35,33,72,15,80,54
66,31,9,42,10,49,48
63,80,7,79,28,41,49
21,33,67,12,65,37,80
57,75,64,26,28,47,12
76,51,49,7,64,61,65
75,46,9,2,14,68,30
58,45,11,36,77,4,17
48,16,46,64,62,67,54
40,52,32,20,13,70,62
38,5,55,27,49,4,41
44,79,65,72,33,51,68
75,35,43,4,44,17,36
9,44,5,11,50,27,28
50,13,20,56,75,44,35
18,14,22,41,13,53,1
76,42,48,39,3,41,71
52,65,71,57,5,75,59
64,1,53,21,56,28,60
10,33,36,78,59,76,61
48,24,64,67,70,3,19
54,49,39,23,15,16,5
21,42,20,57,60,6,29
59,74,5,75,48,71,38
11,18,62,19,4,3,40
1,49,66,11,10,13,36
28,49,1,8,5,30,38
26,69,16,37,19,40,73
34,65,70,59,56,26,1
12,46,72,53,8,51,63
30,42,40,10,19,63,5
73,7,34,75,71,4,66
57,47,70,30,22,78,38
40,54,74,7,75,52,49
65,69,5,66,14,80,20
27,47,71,80,39,2,29
7,38,2,78,41,10,50
56,42,27,29,61,20,70
76,18,26,31,80,55,54
80,56,67,50,2,71,74
43,41,47,11,32,80,22
19,24,39,71,72,62,74
44,34,50,11,39,49,28
65,39,67,29,73,61,11
67,51,1,31,22,14,38
38,71,43,74,37,52,32
13,79,44,33,72,20,22
49,3,71,75,65,38,35
59,19,65,24,45,7,42
66,80,38,69,74,68,51
52,23,40,71,53,10,26
50,40,57,30,79,25,15
18,62,79,1,78,27,2
32,31,28,17,2,68,63
37,18,70,50,31,47,71
16,41,3,5,60,75,28
38,74,5,13,44,63,46
67,8,47,71,73,15,19
4,24,61,9,29,45,37
24,2,18,44,13,28,3
53,58,75,6,72,27,39
20,40,65,35,56,14,58
48,43,20,37,68,4,52
79,66,26,53,42,34,77
38,4,50,70,64,29,14
29,53,1,55,52,34,18
51,53,17,74,68,77,78
72,51,15,77,11,62,61
72,5,42,43,1,17,20
2,67,66,20,26,41,24
38,35,26,46,52,8,69
20,3,34,62,12,49,23
49,77,62,14,79,74,17
46,27,73,70,28,26,64
40,46,9,45,74,35,68
49,80,29,18,37,58,78
60,50,5,79,4,49,25
24,45,76,16,8,50,55
31,41,36,57,35,69,25
49,37,68,31,62,20,21
75,64,72,7,5,19,40
6,67,47,79,69,12,8
17,37,2,70,71,74,79
56,27,53,79,57,49,17
71,23,49,58,2,35,63
19,50,74,45,78,49,68
11,67,4,45,73,80,57
32,62,57,15,23,76,6
22,59,36,40,4,31,12
77,7,65,67,47,31,11
33,48,60,28,6,8,70
78,24,77,22,64,4,66
3,56,10,26,38,1,20
79,72,46,65,59,13,9
27,45,14,69,25,22,20
31,35,65,47,43,57,49
45,46,51,29,9,30,73
5,16,33,29,53,9,76
17,30,2,3,46,5,26
62,25,6,16,44,36,14
24,28,66,4,40,41,34
2,28,23,13,34,10,44
5,51,25,40,72,67,69
70,34,74,6,42,44,26
49,6,25,29,8,16,70
50,42,78,59,7,3,49
54,21,48,41,16,38,18
66,18,69,76,34,55,11
18,28,6,5,38,19,69
64,2,37,43,19,72,11
33,72,13,38,20,53,41
50,66,20,5,76,23,12
71,79,38,3,76,46,34
11,34,36,20,5,21,4
32,79,74,80,72,38,8
73,79,41,11,19,29,1
57,67,50,73,78,4,76
69,52,18,57,15,27,61
51,44,12,74,62,50,35
75,34,61,3,73,46,26
43,68,38,51,3,27,61
23,70,2,43,22,32,46
28,35,19,80,54,49,34
39,62,75,40,80,3,47
30,14,67,48,69,10,16
32,42,25,18,17,63,45
35,6,66,19,1,13,15
59,44,75,28,66,12,37
58,5,68,53,63,49,69
72,44,66,51,55,74,50
32,44,10,73,25,54,16
10,5,36,26,55,52,15
40,67,36,37,59,61,54
67,46,1,60,33,44,52
64,78,40,79,37,41,19
51,5,13,46,67,34,14
70,24,71,68,12,60,74
36,49,12,64,57,45,30
19,25,4,1,62,37,45
62,13,36,58,6,29,43
32,66,40,77,4,49,72
66,41,51,18,5,45,16
35,11,29,38,30,71,12
36,47,40,19,60,73,67
55,34,58,1,19,56,68
40,50,35,38,74,57,36
42,38,53,24,29,17,13
76,7,22,4,28,39,31
45,10,11,48,43,76,9
50,5,32,16,33,40,71
72,78,42,77,24,55,4
63,31,66,28,71,57,13
26,51,28,5,44,23,69
10,34,48,72,15,23,71
33,45,31,8,67,73,41
5,38,46,50,24,9,51
64,66,72,76,38,50,2
61,75,7,53,15,73,22
23,5,55,19,71,57,36
38,52,19,36,10,77,37
76,55,4,35,50,73,40
75,2,56,20,3,66,60
35,44,3,41,28,32,42
18,57,75,71,22,12,69
9,14,1,41,45,34,72
44,61,68,4,21,40,23
36,63,1,7,75,65,40
34,80,5,8,45,29,1
20,27,24,53,80,76,75
80,31,73,8,21,29,39
55,26,6,27,4,36,44
49,30,53,7,37,50,20
51,17,75,5,57,52,11
28,47,37,29,72,11,3
20,48,23,73,74,6,30
45,31,4,61,36,56,28
51,50,4,39,21,16,11
15,22,52,47,72,24,79
41,21,1,16,39,6,23
69,54,2,19,72,56,42
23,45,57,68,36,73,19
,,,,,,
22,27,60,3,74,30,53
70,37,38,69,78,10,30
66,6,14,56,11,36,68
72,23,19,34,58,48,9
20,24,51,49,47,12,64
63,12,48,6,4,39,26
48,55,8,40,39,26,68
56,68,44,53,10,9,70
24,3,29,47,49,1,15
3,65,21,33,37,19,64
12,70,10,14,44,29,41
16,77,55,33,71,12,52
80,57,74,48,8,52,21
65,56,27,28,73,54,80
39,14,25,42,50,61,8
15,52,17,76,72,66,68
46,9,20,18,44,55,35
50,21,44,58,9,31,22
18,48,67,13,68,37,47
3,60,66,41,40,72,51
1,71,41,50,49,33,55
61,57,20,24,40,19,48
72,36,33,43,38,37,6
25,45,30,62,77,10,74
68,56,22,12,41,27,65
51,23,35,74,39,50,52
67,37,60,21,9,71,76
75,74,67,72,68,54,19
26,72,67,5,8,36,4
44,35,48,38,77,51,11
22,27,12,9,58,43,26
15,21,3,79,69,16,7
75,8,62,2,5,3,4
58,69,61,27,12,3,21
50,40,71,11,6,78,38
61,66,67,12,63,76,71
14,65,74,30,33,54,7
43,37,38,69,35,15,66
33,57,5,21,60,32,79
29,79,45,58,1,73,68
44,72,37,48,80,34,8
21,8,78,19,46,17,76
70,77,17,55,53,10,4
72,51,13,65,31,2,28
51,30,52,58,66,13,21
80,71,77,52,10,79,64
41,5,50,66,52,71,39
25,76,67,41,61,53,78
35,26,37,69,60,19,51
24,28,25,40,69,49,72
15,63,69,40,74,14,59
38,74,31,61,51,32,52
27,52,66,57,23,54,71
5,28,23,80,60,72,52
6,75,9,61,38,56,13
70,26,54,53,47,24,19
9,19,34,29,26,33,58
40,30,51,79,48,18,47
34,10,24,29,22,30,36
74,53,65,77,15,58,62
26,54,24,52,18,33,36
58,69,12,63,75,36,44
44,62,24,31,57,11,50
32,65,39,70,5,29,51
7,23,54,75,69,70,29
5,13,48,41,69,49,8
53,35,41,4,48,56,43
52,35,70,8,79,9,7
63,18,68,56,29,5,9
7,65,79,31,56,61,12
36,4,44,16,39,62,1
13,51,37,26,72,2,73
70,10,75,41,51,20,40
13,68,23,19,33,61,10
23,57,67,43,66,37,15
36,50,15,79,22,71,16
80,56,4,12,31,69,61
39,68,72,60,29,71,42
22,38,48,1,34,62,3
73,46,69,56,10,18,35
19,12,70,67,58,47,48
46,37,14,52,42,17,36
15,68,48,38,13,69,40
18,30,55,72,40,6,45
17,77,14,24,60,31,59
80,19,70,43,6,69,74
41,19,77,9,20,67,58
5,80,6,32,9,65,35
65,55,48,21,45,13,31
27,76,34,64,68,7,21
34,39,15,9,43,38,78
26,61,57,60,56,79,62
4,6,32,58,62,5,17
60,61,50,1,7,71,67
31,80,52,26,41,24,50
39,80,69,5,20,34,50
75,56,46,49,79,5,29
7,12,50,65,30,18,80
12,28,63,73,58,80,76
79,66,48,64,74,75,9
66,70,23,8,74,61,50
46,65,30,42,16,73,49
41,11,44,29,77,47,17
14,22,75,32,39,40,35
69,42,30,27,37,66,21
63,41,62,72,31,79,21
45,65,69,50,27,71,1
28,21,73,66,22,70,63
62,76,25,33,74,23,63
32,13,69,67,73,60,21
6,28,16,50,31,20,77
68,62,60,27,32,50,61
43,32,47,16,70,22,35
62,25,71,19,75,2,16
76,79,16,22,44,41,61
13,9,27,42,43,20,44
55,59,47,21,76,66,38
3,79,6,68,46,14,67
76,25,79,48,71,19,32
18,73,38,77,34,60,76
41,76,79,60,19,7,72
56,59,25,58,13,70,27
71,30,58,31,12,64,52
44,47,63,8,4,57,59
62,31,68,1,9,60,26
70,14,60,46,34,17,13
74,13,57,26,36,61,60
17,72,43,70,45,65,7
41,77,18,11,44,49,80
19,77,27,8,46,33,68
68,16,30,37,20,72,66
33,44,76,41,21,18,28
3,67,63,58,48,1,61
14,49,58,51,76,63,66
14,4,30,19,46,72,20
55,11,13,6,3,45,35
48,42,31,67,20,47,29
49,2,29,16,31,3,63
31,65,29,6,5,11,49
52,6,51,1,67,50,48
59,54,8,76,74,58,26
10,57,76,67,32,30,60
62,50,60,5,15,72,57
18,16,61,14,71,79,58
10,13,55,31,33,23,26
33,48,2,44,72,27,78
51,8,42,39,44,18,62
10,56,32,53,9,52,33
9,34,8,51,76,57,53
23,75,48,35,74,61,79
26,9,35,66,77,58,42
70,6,18,20,79,32,40
28,75,27,72,70,17,30
56,11,60,14,1,33,66
60,4,80,78,58,74,28
22,50,36,72,26,68,4
16,80,10,62,65,29,79
51,2,52,31,53,36,35
68,2,45,15,80,20,63
3,47,16,12,33,6,14
80,46,15,43,73,49,68
23,33,3,49,39,67,36
45,42,28,12,75,47,55
60,5,27,20,54,11,19
16,52,35,26,60,10,62
2,20,1,40,46,49,70
70,32,26,29,40,17,11
24,52,46,36,43,77,12
28,21,34,78,72,58,32
25,15,12,64,34,51,23
49,76,73,15,14,31,35
19,41,8,12,73,56,17
58,24,16,41,21,54,48
69,44,66,56,41,58,2
13,39,75,1,73,22,24
7,12,41,30,10,67,70
70,64,39,22,29,42,30
13,39,9,77,70,57,66
5,58,30,79,41,57,9
63,69,66,46,19,39,51
7,10,35,65,21,63,62
73,5,12,21,58,51,54
64,54,9,62,24,12,21
69,36,76,49,21,42,17
62,4,5,22,40,63,6
31,16,74,40,22,2,20
45,33,61,57,63,20,62
59,67,52,29,11,3,49
32,50,42,64,69,52,59
50,2,53,39,45,77,66
24,43,10,55,20,76,29
7,71,20,64,80,65,19
10,80,71,64,36,76,75
21,20,6,1,50,54,49
2,70,49,64,36,80,28
2,9,16,20,45,47,42
80,59,49,18,12,56,35
55,35,21,54,47,58,59
67,8,15,36,41,66,51
59,65,44,43,73,21,51
28,42,44,50,13,77,16
54,65,58,6,20,56,13
7,53,54,64,75,34,73
66,61,65,22,76,6,33
65,35,23,39,12,80,73
2,34,33,38,5,40,44
44,52,70,51,22,38,41
68,1,47,59,69,25,72
37,21,20,74,15,14,41
69,26,25,68,50,42,70
19,14,76,28,64,44,30
28,6,67,9,60,15,31
35,20,64,38,34,65,1
36,1,8,79,30,31,29
4,40,68,61,71,10,21
70,8,43,50,49,31,40
16,11,29,32,67,35,65
61,67,68,38,15,20,66
71,53,69,72,1,43,41
54,66,75,74,18,4,63
37,35,79,62,43,65,33
54,49,14,80,38,11,47
56,9,28,32,59,6,35
1,26,55,32,38,61,27
6,74,55,45,50,13,36
38,64,35,60,73,77,17
53,38,65,80,73,50,7
71,39,64,78,21,55,50
3,71,50,8,70,7,63
70,40,39,21,30,76,41
78,23,70,40,7,51,45
4,8,50,69,7,77,61
5,23,64,53,21,62,59
43,62,65,61,6,51,12
60,55,59,8,15,54,44
37,74,35,75,3,4,60
32,43,53,59,79,52,8
3,49,70,55,5,15,44
15,58,47,49,35,37,46
19,22,51,65,44,56,40
80,12,14,54,30,62,55
80,49,53,38,43,45,33
32,37,57,33,46,41,63
4,54,27,31,17,56,16
14,51,22,78,41,63,25
79,73,61,1,32,39,9
65,7,69,34,29,26,28
27,42,14,47,59,31,66
21,1,24,79,57,15,23
77,60,43,52,62,15,65
39,11,9,61,51,76,72
33,34,45,47,3,63,13
62,44,48,16,56,31,70
80,3,46,32,6,59,12
52,13,1,58,71,55,51
72,7,68,34,39,61,31
1,56,29,58,65,2,74
22,61,76,40,25,66,5
70,15,52,66,29,39,4
76,22,5,35,51,62,2
57,28,9,12,77,55,69
49,58,55,69,31,62,6
48,25,13,52,57,16,68
21,56,58,2,69,28,71
73,63,66,65,69,12,22
75,49,54,64,80,46,68
42,9,39,77,51,14,27
46,48,19,12,6,76,52
16,8,54,51,72,24,79
42,38,71,37,39,69,63
35,62,55,27,74,64,22
43,64,46,19,3,68,38
77,45,25,50,67,3,28
38,25,27,37,75,51,11
31,66,45,34,30,78,40
20,40,21,79,9,43,4
46,5,45,8,18,53,42
76,15,59,70,52,11,30
49,63,55,13,54,57,69
8,4,76,2,75,45,65
72,32,38,17,9,53,45
30,75,42,12,65,4,58
35,19,56,75,52,15,11
17,2,32,30,37,61,6
27,34,70,21,55,68,65
56,67,35,33,32,42,70
15,50,11,71,79,26,47
45,44,17,19,1,50,37
53,78,77,1,55,68,67
61,43,51,18,80,10,48
44,49,25,59,37,54,24
50,7,78,26,46,64,48
78,53,42,35,61,69,8
69,77,78,33,26,51,50
15,73,8,52,2,22,39
7,18,13,64,78,12,68
26,80,15,46,17,30,58
8,66,18,11,41,34,61
49,27,60,2,43,30,26
68,3,29,66,43,71,51
36,64,20,35,70,41,26
11,80,61,17,64,22,34
25,44,46,64,4,26,59
21,10,61,36,1,59,27
24,26,44,70,17,71,23
79,76,9,70,18,35,48
80,7,14,71,3,62,46
73,7,69,56,74,3,71
66,6,9,39,1,17,26
60,24,68,57,11,56,20
66,69,62,38,57,13,48
78,3,54,16,17,70,14
43,18,35,70,47,48,36
7,73,16,64,78,35,28
52,61,75,46,80,5,62
11,25,1,78,36,50,4
19,20,11,23,6,78,27
65,43,72,53,70,14,26
72,47,69,50,58,80,33
11,7,37,77,26,45,80
75,16,57,29,55,69,74
54,70,36,58,51,53,59
39,22,2,43,5,7,70
32,76,63,22,3,12,64
50,54,6,46,31,65,75
79,64,4,73,62,24,37
58,50,1,24,29,62,17
35,44,72,21,27,80,43
21,8,39,14,17,36,46
50,51,77,13,37,14,3
22,29,79,23,62,76,80
23,21,39,24,10,64,5
54,13,8,18,70,37,43
30,8,80,53,19,33,31
9,32,66,4,29,50,40
72,5,75,38,17,51,2
73,57,66,25,12,46,24
66,21,32,33,19,42,45
2,72,26,5,22,18,13
4,75,11,14,52,65,18
6,61,79,24,48,20,33
27,34,28,18,67,60,12
28,53,32,2,14,9,37
71,10,73,23,45,47,75
23,79,30,14,45,74,76
70,26,22,18,58,49,37
23,73,65,46,66,1,48
36,76,41,56,33,13,74
11,31,56,18,2,13,16
34,66,55,3,65,4,28
57,78,29,22,10,75,70
13,17,9,73,25,50,20
9,63,56,64,30,27,42
3,8,11,52,58,59,67
50,52,53,68,60,40,18
25,56,73,27,48,68,9
4,34,69,45,11,22,40
79,72,23,59,16,41,65
38,66,56,67,33,52,80
5,44,26,57,1,9,22
21,62,25,60,51,73,71
26,42,12,52,62,27,37
30,19,3,27,43,73,10
3,16,61,39,41,30,47
22,80,25,49,65,79,19
37,51,61,31,4,58,46
17,26,73,58,66,3,7
11,16,80,46,64,49,13
78,50,34,31,16,44,49
79,50,32,17,65,53,57
68,48,77,47,64,76,23
34,28,71,32,58,46,41
12,55,76,75,38,37,50
5,41,21,80,47,75,26
21,32,46,73,40,48,34
56,27,65,16,73,25,71
50,43,51,25,67,73,26
55,44,79,42,17,63,37
10,2,61,47,75,34,18
20,14,11,57,54,50,74
55,4,62,79,9,46,78
40,58,46,64,17,69,55
64,21,75,62,45,53,51
45,24,22,66,26,17,74
47,48,13,77,69,33,52
32,39,29,40,6,55,10
53,54,33,7,46,12,48
51,41,39,33,48,34,67
39,43,77,69,16,4,2
22,29,19,43,71,76,67
10,23,36,43,12,19,21
7,72,35,60,20,61,49
34,41,75,60,70,17,1
17,1,78,79,47,75,8
38,62,52,4,6,80,20
32,25,46,70,77,9,8
30,3,43,52,15,10,80
39,58,59,5,52,77,23
78,44,26,8,59,31,23
76,59,61,15,49,77,55
80,72,45,4,21,79,7
37,47,74,7,11,44,66
14,80,26,17,34,38,49
10,16,22,3,40,25,24
76,20,62,72,74,55,36
19,39,25,16,67,37,3
41,18,10,21,12,26,3
73,50,55,30,28,18,38
59,76,28,30,21,49,54
3,60,41,53,70,66,39
3,41,23,36,9,51,33
77,67,26,80,12,48,71
39,28,50,13,72,3,73
47,50,10,1,14,48,25
64,2,67,57,7,42,63
13,15,8,19,26,72,7
79,52,27,49,19,56,4
18,39,21,17,7,40,8
45,15,24,79,34,63,7
73,40,22,31,41,64,23
48,17,11,51,71,20,15
73,41,47,32,31,57,66
44,33,17,64,53,6,21
28,19,43,35,40,75,74
6,31,57,32,9,72,48
69,74,28,42,68,21,2
79,34,32,67,36,29,47
31,61,78,15,68,40,45
34,63,10,8,31,17,32
29,4,45,18,27,2,63
36,43,6,71,39,77,44
50,56,72,52,75,64,36
34,47,18,12,72,57,21
3,17,13,27,59,37,54
48,2,32,63,9,67,65
10,13,22,54,73,48,5
77,38,34,60,46,21,29
3,56,37,59,50,17,73
48,76,15,71,3,34,53
28,48,34,61,7,55,25
42,6,53,60,7,49,31
29,54,14,49,23,41,18
79,4,1,59,71,62,32
67,1,62,22,28,64,78
22,58,2,44,74,64,34
80,29,28,75,35,6,55
34,17,37,59,22,42,30
11,3,67,78,23,12,36
3,27,17,75,25,15,72
56,21,19,65,28,2,27
11,9,8,24,1,21,12
21,61,32,49,60,5,55
31,21,68,59,26,16,38
58,41,45,33,25,29,77
26,50,14,80,42,72,5
32,53,10,68,77,63,35
79,19,61,65,46,13,75
61,53,64,65,2,29,46
73,34,16,61,23,51,63
11,74,21,44,72,34,32
45,5,77,14,54,68,21
